,BTC,cash
2025-11-25 09:50:44.531000+00:00,18083.7983042,0.0
